#
# DUMP FILE
#
# Database is ported from MS Access
#------------------------------------------------------------------
# Created using "MS Access to MySQL" form http://www.bullzip.com
# Program Version 5.2.252
#
# OPTIONS:
#   sourcefilename=E:\Versand12EN.mdb
#   sourceusername=
#   sourcepassword=
#   sourcesystemdatabase=
#   destinationdatabase=movedb
#   storageengine=MyISAM
#   dropdatabase=0
#   createtables=1
#   unicode=1
#   autocommit=1
#   transferdefaultvalues=1
#   transferindexes=1
#   transferautonumbers=1
#   transferrecords=1
#   columnlist=1
#   tableprefix=
#   negativeboolean=0
#   ignorelargeblobs=0
#   memotype=LONGTEXT
#

CREATE DATABASE IF NOT EXISTS `movedb`;
USE `movedb`;

#
# Table structure for table 'ACCOUNT'
#

DROP TABLE IF EXISTS `ACCOUNT`;

CREATE TABLE `ACCOUNT` (
  `CUSTOMER_ID` INTEGER NOT NULL, 
  `ACCOUNT_HOLDER` VARCHAR(30) NOT NULL, 
  `BANKROUTING_NUMBER` VARCHAR(8) NOT NULL, 
  `ACCOUNT_NUMBER` VARCHAR(10) NOT NULL, 
  PRIMARY KEY (`CUSTOMER_ID`)
) ENGINE=myisam DEFAULT CHARSET=utf8;

SET autocommit=1;

#
# Dumping data for table 'ACCOUNT'
#

INSERT INTO `ACCOUNT` (`CUSTOMER_ID`, `ACCOUNT_HOLDER`, `BANKROUTING_NUMBER`, `ACCOUNT_NUMBER`) VALUES (101, 'Bob Ryan                      ', '23410022', '12346789  ');
INSERT INTO `ACCOUNT` (`CUSTOMER_ID`, `ACCOUNT_HOLDER`, `BANKROUTING_NUMBER`, `ACCOUNT_NUMBER`) VALUES (103, 'Richard Shipston              ', '23410112', '20001234  ');
# 2 records

#
# Table structure for table 'ARTICLE'
#

DROP TABLE IF EXISTS `ARTICLE`;

CREATE TABLE `ARTICLE` (
  `ARTICLE_ID` VARCHAR(4) NOT NULL, 
  `VAT` INTEGER NOT NULL, 
  `DESCRIPTION` VARCHAR(20) NOT NULL, 
  `Weight` INTEGER DEFAULT 0, 
  `LISTPRICE` DECIMAL(19,4) NOT NULL, 
  `STOCK` INTEGER NOT NULL, 
  `MINIMALSTOCK` INTEGER NOT NULL, 
  `PACKAGING` VARCHAR(10), 
  `STORAGE_PLACE` INTEGER, 
  `RUNOUT` INTEGER, 
  `REORDER_SUGGESTION` DATETIME, 
  `REORDER` DATETIME, 
  `REORDER_QTY` INTEGER, 
  `colour` VARCHAR(50), 
  PRIMARY KEY (`ARTICLE_ID`)
) ENGINE=myisam DEFAULT CHARSET=utf8;

SET autocommit=1;

#
# Dumping data for table 'ARTICLE'
#

INSERT INTO `ARTICLE` (`ARTICLE_ID`, `VAT`, `DESCRIPTION`, `Weight`, `LISTPRICE`, `STOCK`, `MINIMALSTOCK`, `PACKAGING`, `STORAGE_PLACE`, `RUNOUT`, `REORDER_SUGGESTION`, `REORDER`, `REORDER_QTY`, `colour`) VALUES ('B001', 2, 'Whisky              ', 2, 28.78, 397, 50, '0,7 l     ', 7, NULL, NULL, NULL, NULL, NULL);
INSERT INTO `ARTICLE` (`ARTICLE_ID`, `VAT`, `DESCRIPTION`, `Weight`, `LISTPRICE`, `STOCK`, `MINIMALSTOCK`, `PACKAGING`, `STORAGE_PLACE`, `RUNOUT`, `REORDER_SUGGESTION`, `REORDER`, `REORDER_QTY`, `colour`) VALUES ('B002', 2, 'Portwine            ', NULL, 12.45, 473, 100, '0,5 l     ', 7, NULL, NULL, NULL, NULL, NULL);
INSERT INTO `ARTICLE` (`ARTICLE_ID`, `VAT`, `DESCRIPTION`, `Weight`, `LISTPRICE`, `STOCK`, `MINIMALSTOCK`, `PACKAGING`, `STORAGE_PLACE`, `RUNOUT`, `REORDER_SUGGESTION`, `REORDER`, `REORDER_QTY`, `colour`) VALUES ('B003', 2, 'Beer                ', 200, 5.2, 1250, 250, '6x75cl    ', 7, NULL, NULL, NULL, NULL, NULL);
INSERT INTO `ARTICLE` (`ARTICLE_ID`, `VAT`, `DESCRIPTION`, `Weight`, `LISTPRICE`, `STOCK`, `MINIMALSTOCK`, `PACKAGING`, `STORAGE_PLACE`, `RUNOUT`, `REORDER_SUGGESTION`, `REORDER`, `REORDER_QTY`, `colour`) VALUES ('C001', 0, 'Children Shoes      ', NULL, 98.5, 120, 25, 'carton    ', 2, NULL, NULL, NULL, NULL, NULL);
INSERT INTO `ARTICLE` (`ARTICLE_ID`, `VAT`, `DESCRIPTION`, `Weight`, `LISTPRICE`, `STOCK`, `MINIMALSTOCK`, `PACKAGING`, `STORAGE_PLACE`, `RUNOUT`, `REORDER_SUGGESTION`, `REORDER`, `REORDER_QTY`, `colour`) VALUES ('C002', 2, 'Trousers            ', NULL, 112.8, 62, 25, NULL, 2, NULL, NULL, NULL, NULL, NULL);
INSERT INTO `ARTICLE` (`ARTICLE_ID`, `VAT`, `DESCRIPTION`, `Weight`, `LISTPRICE`, `STOCK`, `MINIMALSTOCK`, `PACKAGING`, `STORAGE_PLACE`, `RUNOUT`, `REORDER_SUGGESTION`, `REORDER`, `REORDER_QTY`, `colour`) VALUES ('V002', 1, 'Nicotine Patches    ', NULL, 65.7, 12, 20, 'Cardboard ', 2, NULL, NULL, NULL, NULL, NULL);
INSERT INTO `ARTICLE` (`ARTICLE_ID`, `VAT`, `DESCRIPTION`, `Weight`, `LISTPRICE`, `STOCK`, `MINIMALSTOCK`, `PACKAGING`, `STORAGE_PLACE`, `RUNOUT`, `REORDER_SUGGESTION`, `REORDER`, `REORDER_QTY`, `colour`) VALUES ('V001', 1, 'Children Car Seat   ', NULL, 6.35, 356, 100, 'carton    ', 5, NULL, NULL, NULL, NULL, NULL);
INSERT INTO `ARTICLE` (`ARTICLE_ID`, `VAT`, `DESCRIPTION`, `Weight`, `LISTPRICE`, `STOCK`, `MINIMALSTOCK`, `PACKAGING`, `STORAGE_PLACE`, `RUNOUT`, `REORDER_SUGGESTION`, `REORDER`, `REORDER_QTY`, `colour`) VALUES ('F002', 1, 'Chinese Tea         ', NULL, 8.35, 42, 0, '125 gr.   ', 2, NULL, NULL, NULL, NULL, NULL);
INSERT INTO `ARTICLE` (`ARTICLE_ID`, `VAT`, `DESCRIPTION`, `Weight`, `LISTPRICE`, `STOCK`, `MINIMALSTOCK`, `PACKAGING`, `STORAGE_PLACE`, `RUNOUT`, `REORDER_SUGGESTION`, `REORDER`, `REORDER_QTY`, `colour`) VALUES ('F003', 1, 'Natural rice        ', NULL, 1.78, 345, 0, '1 KG      ', 2, NULL, NULL, NULL, NULL, NULL);
INSERT INTO `ARTICLE` (`ARTICLE_ID`, `VAT`, `DESCRIPTION`, `Weight`, `LISTPRICE`, `STOCK`, `MINIMALSTOCK`, `PACKAGING`, `STORAGE_PLACE`, `RUNOUT`, `REORDER_SUGGESTION`, `REORDER`, `REORDER_QTY`, `colour`) VALUES ('F004', 2, 'chocolate           ', NULL, .98, 2101, 1000, 'Bar       ', 2, NULL, NULL, NULL, NULL, NULL);
INSERT INTO `ARTICLE` (`ARTICLE_ID`, `VAT`, `DESCRIPTION`, `Weight`, `LISTPRICE`, `STOCK`, `MINIMALSTOCK`, `PACKAGING`, `STORAGE_PLACE`, `RUNOUT`, `REORDER_SUGGESTION`, `REORDER`, `REORDER_QTY`, `colour`) VALUES ('F001', 2, 'Butter cookies      ', NULL, 1.72, 234, 250, '250 gr.   ', 2, NULL, NULL, NULL, NULL, NULL);
INSERT INTO `ARTICLE` (`ARTICLE_ID`, `VAT`, `DESCRIPTION`, `Weight`, `LISTPRICE`, `STOCK`, `MINIMALSTOCK`, `PACKAGING`, `STORAGE_PLACE`, `RUNOUT`, `REORDER_SUGGESTION`, `REORDER`, `REORDER_QTY`, `colour`) VALUES ('C004', 2, 'Sun Glasses         ', NULL, 76, 50, 20, 'carton    ', 2, NULL, NULL, NULL, NULL, NULL);
# 12 records

#
# Table structure for table 'CUSTOMER'
#

DROP TABLE IF EXISTS `CUSTOMER`;

CREATE TABLE `CUSTOMER` (
  `CUSTOMER_ID` INTEGER NOT NULL AUTO_INCREMENT, 
  `STATUS` VARCHAR(1) NOT NULL, 
  `FIRSTNAME` VARCHAR(30) NOT NULL, 
  `LASTNAME` VARCHAR(30) NOT NULL, 
  `STREET` VARCHAR(30) NOT NULL, 
  `CITY` VARCHAR(25) NOT NULL, 
  `SHIRE` VARCHAR(30), 
  `POSTCODE` VARCHAR(7), 
  `COUNTRY` VARCHAR(3), 
  `LASTORDER` DATETIME, 
  `LAST_ADVERTISINGCAMPAIGN` DATETIME, 
  `PAYMENT_METHOD` VARCHAR(3) NOT NULL, 
  PRIMARY KEY (`CUSTOMER_ID`)
) ENGINE=myisam DEFAULT CHARSET=utf8;

SET autocommit=1;

#
# Dumping data for table 'CUSTOMER'
#

INSERT INTO `CUSTOMER` (`CUSTOMER_ID`, `STATUS`, `FIRSTNAME`, `LASTNAME`, `STREET`, `CITY`, `SHIRE`, `POSTCODE`, `COUNTRY`, `LASTORDER`, `LAST_ADVERTISINGCAMPAIGN`, `PAYMENT_METHOD`) VALUES (100, 'P', 'John                          ', 'Brown                         ', '26 Bosorne Street             ', 'St Just                  ', NULL, 'TR197LU', 'GB ', '2011-12-01 00:00:00', '2011-12-01 00:00:00', 'POD');
INSERT INTO `CUSTOMER` (`CUSTOMER_ID`, `STATUS`, `FIRSTNAME`, `LASTNAME`, `STREET`, `CITY`, `SHIRE`, `POSTCODE`, `COUNTRY`, `LASTORDER`, `LAST_ADVERTISINGCAMPAIGN`, `PAYMENT_METHOD`) VALUES (101, 'R', 'Sophie                        ', 'Ryan                          ', 'One South Place               ', 'London                   ', NULL, 'EC2M2RB', 'GB ', '2012-04-28 00:00:00', '2011-12-01 00:00:00', 'PAD');
INSERT INTO `CUSTOMER` (`CUSTOMER_ID`, `STATUS`, `FIRSTNAME`, `LASTNAME`, `STREET`, `CITY`, `SHIRE`, `POSTCODE`, `COUNTRY`, `LASTORDER`, `LAST_ADVERTISINGCAMPAIGN`, `PAYMENT_METHOD`) VALUES (102, 'P', 'Elizabeth                     ', 'Smith                         ', '1 Bridgeend Cottages          ', 'Corbridge                ', 'Nortumerland                  ', 'NE45AU ', 'GB ', '2011-12-01 00:00:00', '2011-10-15 00:00:00', 'POD');
INSERT INTO `CUSTOMER` (`CUSTOMER_ID`, `STATUS`, `FIRSTNAME`, `LASTNAME`, `STREET`, `CITY`, `SHIRE`, `POSTCODE`, `COUNTRY`, `LASTORDER`, `LAST_ADVERTISINGCAMPAIGN`, `PAYMENT_METHOD`) VALUES (103, 'R', 'Dylan                         ', 'Shipston                      ', '17 St Albans Avenue           ', 'London                   ', NULL, 'W45LL  ', 'GB ', '2012-04-15 00:00:00', NULL, 'PAD');
INSERT INTO `CUSTOMER` (`CUSTOMER_ID`, `STATUS`, `FIRSTNAME`, `LASTNAME`, `STREET`, `CITY`, `SHIRE`, `POSTCODE`, `COUNTRY`, `LASTORDER`, `LAST_ADVERTISINGCAMPAIGN`, `PAYMENT_METHOD`) VALUES (104, 'O', 'Scarlett                      ', 'Riley                         ', '36 Colterne Close             ', 'Headington               ', NULL, 'OX3OBA ', 'GB ', '2012-03-12 00:00:00', NULL, 'POD');
INSERT INTO `CUSTOMER` (`CUSTOMER_ID`, `STATUS`, `FIRSTNAME`, `LASTNAME`, `STREET`, `CITY`, `SHIRE`, `POSTCODE`, `COUNTRY`, `LASTORDER`, `LAST_ADVERTISINGCAMPAIGN`, `PAYMENT_METHOD`) VALUES (105, 'R', 'Geoff                         ', 'Mason                         ', '41 Morrab Road                ', 'Penzance                 ', 'Cornwall                      ', 'TR184EX', 'GB ', '2011-01-12 00:00:00', NULL, 'INV');
INSERT INTO `CUSTOMER` (`CUSTOMER_ID`, `STATUS`, `FIRSTNAME`, `LASTNAME`, `STREET`, `CITY`, `SHIRE`, `POSTCODE`, `COUNTRY`, `LASTORDER`, `LAST_ADVERTISINGCAMPAIGN`, `PAYMENT_METHOD`) VALUES (106, 'P', 'Ian                           ', 'Lennon                        ', '29 Elm Lane                   ', 'Redland                  ', 'Bristol                       ', 'BS66UE ', 'GB ', '2012-05-15 00:00:00', '2011-12-01 00:00:00', 'POD');
# 7 records

#
# Table structure for table 'CUSTORDER'
#

DROP TABLE IF EXISTS `CUSTORDER`;

CREATE TABLE `CUSTORDER` (
  `ORDER_ID` INTEGER NOT NULL, 
  `CUSTOMER_ID` INTEGER NOT NULL, 
  `ORDERDATE` DATETIME NOT NULL, 
  `DELIVERYDATE` DATETIME, 
  `INVOICEAMOUNT` DECIMAL(18,2) DEFAULT 0, 
  PRIMARY KEY (`ORDER_ID`)
) ENGINE=myisam DEFAULT CHARSET=utf8;

SET autocommit=1;

#
# Dumping data for table 'CUSTORDER'
#

INSERT INTO `CUSTORDER` (`ORDER_ID`, `CUSTOMER_ID`, `ORDERDATE`, `DELIVERYDATE`, `INVOICEAMOUNT`) VALUES (151, 101, '2012-04-28 00:00:00', '2012-05-02 00:00:00', 200.67);
INSERT INTO `CUSTORDER` (`ORDER_ID`, `CUSTOMER_ID`, `ORDERDATE`, `DELIVERYDATE`, `INVOICEAMOUNT`) VALUES (152, 103, '2012-03-30 00:00:00', '2012-05-02 00:00:00', 2304.36);
INSERT INTO `CUSTORDER` (`ORDER_ID`, `CUSTOMER_ID`, `ORDERDATE`, `DELIVERYDATE`, `INVOICEAMOUNT`) VALUES (153, 105, '2012-05-12 00:00:00', NULL, NULL);
INSERT INTO `CUSTORDER` (`ORDER_ID`, `CUSTOMER_ID`, `ORDERDATE`, `DELIVERYDATE`, `INVOICEAMOUNT`) VALUES (154, 103, '2012-05-15 00:00:00', NULL, NULL);
# 4 records

#
# Table structure for table 'Facttable'
#

DROP TABLE IF EXISTS `Facttable`;

CREATE TABLE `Facttable` (
  `ID` INTEGER NOT NULL AUTO_INCREMENT, 
  PRIMARY KEY (`ID`)
) ENGINE=myisam DEFAULT CHARSET=utf8;

SET autocommit=1;

#
# Dumping data for table 'Facttable'
#

# 0 records

#
# Table structure for table 'ORDERITEM'
#

DROP TABLE IF EXISTS `ORDERITEM`;

CREATE TABLE `ORDERITEM` (
  `ORDER_ID` INTEGER NOT NULL, 
  `ARTICLE_ID` VARCHAR(4) NOT NULL, 
  `VAT` DOUBLE NULL, 
  `ORDERED_QTY` INTEGER NOT NULL, 
  `DELIVERED_QTY` INTEGER, 
  `ITEM_PRICE` DOUBLE NULL, 
  PRIMARY KEY (`ORDER_ID`, `ARTICLE_ID`)
) ENGINE=myisam DEFAULT CHARSET=utf8;

SET autocommit=1;

#
# Dumping data for table 'ORDERITEM'
#

INSERT INTO `ORDERITEM` (`ORDER_ID`, `ARTICLE_ID`, `VAT`, `ORDERED_QTY`, `DELIVERED_QTY`, `ITEM_PRICE`) VALUES (151, 'B002', .2, 4, 4, 49.8);
INSERT INTO `ORDERITEM` (`ORDER_ID`, `ARTICLE_ID`, `VAT`, `ORDERED_QTY`, `DELIVERED_QTY`, `ITEM_PRICE`) VALUES (151, 'B003', .2, 3, 3, 15.6);
INSERT INTO `ORDERITEM` (`ORDER_ID`, `ARTICLE_ID`, `VAT`, `ORDERED_QTY`, `DELIVERED_QTY`, `ITEM_PRICE`) VALUES (151, 'C002', .2, 3, 0, 0);
INSERT INTO `ORDERITEM` (`ORDER_ID`, `ARTICLE_ID`, `VAT`, `ORDERED_QTY`, `DELIVERED_QTY`, `ITEM_PRICE`) VALUES (151, 'V002', .2, 1, 1, 65.7);
INSERT INTO `ORDERITEM` (`ORDER_ID`, `ARTICLE_ID`, `VAT`, `ORDERED_QTY`, `DELIVERED_QTY`, `ITEM_PRICE`) VALUES (151, 'F004', .05, 10, 5, 41.75);
INSERT INTO `ORDERITEM` (`ORDER_ID`, `ARTICLE_ID`, `VAT`, `ORDERED_QTY`, `DELIVERED_QTY`, `ITEM_PRICE`) VALUES (152, 'C001', 0, 10, 10, 985);
INSERT INTO `ORDERITEM` (`ORDER_ID`, `ARTICLE_ID`, `VAT`, `ORDERED_QTY`, `DELIVERED_QTY`, `ITEM_PRICE`) VALUES (152, 'V002', .05, 2, 2, 131.4);
INSERT INTO `ORDERITEM` (`ORDER_ID`, `ARTICLE_ID`, `VAT`, `ORDERED_QTY`, `DELIVERED_QTY`, `ITEM_PRICE`) VALUES (153, 'B001', NULL, 2, NULL, NULL);
INSERT INTO `ORDERITEM` (`ORDER_ID`, `ARTICLE_ID`, `VAT`, `ORDERED_QTY`, `DELIVERED_QTY`, `ITEM_PRICE`) VALUES (153, 'V001', NULL, 6, NULL, NULL);
INSERT INTO `ORDERITEM` (`ORDER_ID`, `ARTICLE_ID`, `VAT`, `ORDERED_QTY`, `DELIVERED_QTY`, `ITEM_PRICE`) VALUES (153, 'F004', NULL, 25, NULL, NULL);
INSERT INTO `ORDERITEM` (`ORDER_ID`, `ARTICLE_ID`, `VAT`, `ORDERED_QTY`, `DELIVERED_QTY`, `ITEM_PRICE`) VALUES (154, 'B001', NULL, 4, NULL, NULL);
INSERT INTO `ORDERITEM` (`ORDER_ID`, `ARTICLE_ID`, `VAT`, `ORDERED_QTY`, `DELIVERED_QTY`, `ITEM_PRICE`) VALUES (154, 'B002', NULL, 12, NULL, NULL);
INSERT INTO `ORDERITEM` (`ORDER_ID`, `ARTICLE_ID`, `VAT`, `ORDERED_QTY`, `DELIVERED_QTY`, `ITEM_PRICE`) VALUES (154, 'B003', NULL, 1, NULL, NULL);
INSERT INTO `ORDERITEM` (`ORDER_ID`, `ARTICLE_ID`, `VAT`, `ORDERED_QTY`, `DELIVERED_QTY`, `ITEM_PRICE`) VALUES (152, 'C004', .2, 12, 12, 912);
# 14 records

#
# Table structure for table 'VATRATE'
#

DROP TABLE IF EXISTS `VATRATE`;

CREATE TABLE `VATRATE` (
  `VAT` INTEGER NOT NULL, 
  `PERCENT` DOUBLE NULL NOT NULL, 
  `DESCRIPTION` VARCHAR(10) NOT NULL, 
  PRIMARY KEY (`VAT`)
) ENGINE=myisam DEFAULT CHARSET=utf8;

SET autocommit=1;

#
# Dumping data for table 'VATRATE'
#

INSERT INTO `VATRATE` (`VAT`, `PERCENT`, `DESCRIPTION`) VALUES (0, 0, 'zerorate  ');
INSERT INTO `VATRATE` (`VAT`, `PERCENT`, `DESCRIPTION`) VALUES (1, .05, 'reduced   ');
INSERT INTO `VATRATE` (`VAT`, `PERCENT`, `DESCRIPTION`) VALUES (2, .2, 'standard  ');
# 3 records

